{
  "bd5nKG": {
    "description": "Sweet fresh strawberry on the wooden table",
    "id": "bd5nKG",
    "price": 29.45,
    "title": "Sweet fresh strawberry",
    "type": "fruit"
  },
  "Icljfk": {
    "description": "Asparagus with ham on the wooden table",
    "id": "Icljfk",
    "price": 18.95,
    "title": "Asparagus",
    "type": "vegetable"
  },
  "d9XWJv": {
    "description": "Glass of green smoothie with quail egg's yolk, served with cocktail tube, green apple and baby spinach leaves over tin surface.",
    "id": "d9XWJv",
    "price": 17.68,
    "title": "Green smoothie",
    "type": "dairy"
  },
  "VGBYRB": {
    "description": "Raw legums on the wooden table",
    "id": "VGBYRB",
    "price": 17.11,
    "title": "Raw legums",
    "type": "vegetable"
  },
  "X9gcHq": {
    "description": "Baking cake in rural kitchen - dough  recipe ingredients (eggs, flour, sugar) on vintage wooden table from above.",
    "id": "X9gcHq",
    "price": 11.14,
    "title": "Baking cake",
    "type": "dairy"
  },
  "Ddz5iv": {
    "description": "Italian traditional pesto with basil, chesse and oil",
    "id": "Ddz5iv",
    "price": 18.19,
    "title": "Pesto with basil",
    "type": "vegetable"
  },
  "2DJw0g": {
    "description": "Hazelnut in black ceramic bowl on old wooden background. forest wealth. rustic style. selective focus",
    "id": "2DJw0g",
    "price": 27.35,
    "title": "Hazelnut in black ceramic bowl",
    "type": "vegetable"
  },
  "PpzHLM": {
    "description": "Sweet fresh stawberry on the wooden table",
    "id": "PpzHLM",
    "price": 28.59,
    "title": "Fresh stawberry",
    "type": "fruit"
  },
  "kqU9uX": {
    "description": "Rosemary, lemon and salt on the table",
    "id": "kqU9uX",
    "price": 15.79,
    "title": "Lemon and salt",
    "type": "fruit"
  },
  "3CAaZh": {
    "description": "Homemade bread",
    "id": "3CAaZh",
    "price": 17.48,
    "title": "Homemade bread",
    "type": "bakery"
  },
  "8vpYzd": {
    "description": "Cooked legums on the wooden table",
    "id": "8vpYzd",
    "price": 14.77,
    "title": "Legums",
    "type": "vegetable"
  },
  "0lqGLs": {
    "description": "Fresh tomato juice with basil",
    "id": "0lqGLs",
    "price": 16.3,
    "title": "Fresh tomato",
    "type": "vegetable"
  },
  "br8tYk": {
    "description": "Healthy breakfast set. rice cereal or porridge with berries and honey over rustic wood background",
    "id": "br8tYk",
    "price": 13.02,
    "title": "Healthy breakfast",
    "type": "fruit"
  },
  "he2yuA": {
    "description": "Raw organic green beans ready to eat",
    "id": "he2yuA",
    "price": 28.79,
    "title": "Green beans",
    "type": "vegetable"
  },
  "aysbYe": {
    "description": "Homemade baked stuffed portabello mushrooms with spinach and cheese",
    "id": "aysbYe",
    "price": 20.31,
    "title": "Baked stuffed portabello mushrooms",
    "type": "bakery"
  },
  "n6I80w": {
    "description": "Homemade organic strawberry jelly in a jar",
    "id": "n6I80w",
    "price": 14.18,
    "title": "Strawberry jelly",
    "type": "fruit"
  },
  "n8LjbX": {
    "description": "Fresh pears juice on the wooden table",
    "id": "n8LjbX",
    "price": 19.49,
    "title": "Pears juice",
    "type": "fruit"
  },
  "HwL74D": {
    "description": "Sweet fresh pears on the wooden table",
    "id": "HwL74D",
    "price": 15.12,
    "title": "Fresh pears",
    "type": "fruit"
  },
  "c3vbCo": {
    "description": "Homemade healthy caprese salad with tomato mozzarella and basil",
    "id": "c3vbCo",
    "price": 16.76,
    "title": "Caprese salad",
    "type": "vegetable"
  },
  "gxhdkc": {
    "description": "Orange popsicle ice cream bars made from fresh oranges.  a refreshing summer treat.",
    "id": "gxhdkc",
    "price": 21.48,
    "title": "Oranges",
    "type": "fruit"
  },
  "LQxVLo": {
    "description": "Concept of vegan food",
    "id": "LQxVLo",
    "price": 29.66,
    "title": "Vegan food",
    "type": "vegetable"
  },
  "T1ILwb": {
    "description": "Concept of healthy breakfast with muesli",
    "id": "T1ILwb",
    "price": 22.7,
    "title": "Breakfast with muesli",
    "type": "dairy"
  },
  "d1BgNB": {
    "description": "Honey and honeycell on the table",
    "id": "d1BgNB",
    "price": 17.01,
    "title": "Honey",
    "type": "bakery"
  },
  "N3Ek7n": {
    "description": "Healthy breakfast with cottage cheese and strawberry",
    "id": "N3Ek7n",
    "price": 14.05,
    "title": "Breakfast with cottage",
    "type": "fruit"
  },
  "Qk2xoI": {
    "description": "Glass of red strawberry smoothie with chia seeds, served with retro cocktail tube, fresh mint and strawberries over dark background",
    "id": "Qk2xoI",
    "price": 28.86,
    "title": "Strawberry smoothie",
    "type": "fruit"
  },
  "ZDpDTf": {
    "description": "Homemade muesli with strawberry and mint",
    "id": "ZDpDTf",
    "price": 26.21,
    "title": "Strawberry and mint",
    "type": "fruit"
  },
  "oNvhyK": {
    "description": "Ricotta with berry and mint",
    "id": "oNvhyK",
    "price": 27.81,
    "title": "Ricotta",
    "type": "dairy"
  },
  "F0jMt9": {
    "description": "Homemade traditional cuban sandwiches with ham pork and cheese",
    "id": "F0jMt9",
    "price": 18.5,
    "title": "Cuban sandwiche",
    "type": "bakery"
  },
  "K83N7A": {
    "description": "Glass jar with homemade granola and yogurt with nuts, raspberries and blackberries on wooden cutting board over white textile in day light",
    "id": "K83N7A",
    "price": 29.97,
    "title": "Granola",
    "type": "dairy"
  },
  "Hv1S2H": {
    "description": "Glass of red strawberry smoothie with chia seeds, served with retro cocktail tube, fresh mint and strawberries over wooden table",
    "id": "Hv1S2H",
    "price": 25.26,
    "title": "Smoothie with chia seeds",
    "type": "fruit"
  },
  "h0yq3n": {
    "description": "Homemade yogurt with raspberry and mint",
    "id": "h0yq3n",
    "price": 27.61,
    "title": "Yogurt",
    "type": "dairy"
  },
  "tkugqp": {
    "description": "Vegan sandwich with salad, tomato and radish",
    "id": "tkugqp",
    "price": 22.48,
    "title": "Sandwich with salad",
    "type": "vegetable"
  },
  "ugvJ4q": {
    "description": "Cherry with sugar on old table",
    "id": "ugvJ4q",
    "price": 14.35,
    "title": "Cherry",
    "type": "fruit"
  },
  "imRoQZ": {
    "description": "Raw fresh asparagus salad with cheese and dressing",
    "id": "imRoQZ",
    "price": 22.97,
    "title": "Raw asparagus",
    "type": "vegetable"
  },
  "YtVb63": {
    "description": "Grilled corn on the cob with salt and butter",
    "id": "YtVb63",
    "price": 13.55,
    "title": "Corn",
    "type": "vegetable"
  },
  "k307jL": {
    "description": "Concept of healthy vegan eating",
    "id": "k307jL",
    "price": 28.96,
    "title": "Vegan",
    "type": "vegan"
  },
  "OavCUp": {
    "description": "Healthy breakfast. berry crumble with fresh blueberries, raspberries, strawberries, almond, walnuts, pecans, yogurt, and mint in ceramic plates over white wooden surface, top view",
    "id": "OavCUp",
    "price": 21.01,
    "title": "Fresh blueberries",
    "type": "fruit"
  },
  "e7UuaZ": {
    "description": "Vegan sandwiches with smashed avocado, tomatoes and radish. top view",
    "id": "e7UuaZ",
    "price": 25.88,
    "title": "Smashed avocado",
    "type": "fruit"
  },
  "hyD1yy": {
    "description": "Italian ciabatta bread cut in slices on wooden chopping board with herbs, garlic and olives over dark grunge backdrop, top view",
    "id": "hyD1yy",
    "price": 15.18,
    "title": "Italian ciabatta",
    "type": "bakery"
  },
  "ZXQ20s": {
    "description": "Rustic healthy breakfast set. cooked buckwheat groats with milk and honey on dark grunge backdrop. top view, copy space",
    "id": "ZXQ20s",
    "price": 21.32,
    "title": "Rustic breakfast",
    "type": "dairy"
  },
  "yiRPWL": {
    "description": "Heap of whole and sliced lemons and limes with mint in vintage metal grid box over old wooden table with turquoise wooden background. dark rustic style.",
    "id": "yiRPWL",
    "price": 27.14,
    "title": "Sliced lemons",
    "type": "fruit"
  },
  "RFuhPt": {
    "description": "Yellow and red sweet plums",
    "id": "RFuhPt",
    "price": 19.18,
    "title": "Plums",
    "type": "fruit"
  },
  "FAN3p8": {
    "description": "Homemade oven baked french fries with ketchup",
    "id": "FAN3p8",
    "price": 18.32,
    "title": "French fries",
    "type": "bakery"
  },
  "fiJfvI": {
    "description": "Healthy breakfast set. rice cereal or porridge with fresh strawberry, apricots, almond and honey over white rustic wood backdrop, top view, \u0000",
    "id": "fiJfvI",
    "price": 15.13,
    "title": "Strawberries",
    "type": "fruit"
  },
  "gRvIBB": {
    "description": "Raw ground beef meat burger steak cutlets with seasoning on vintage wooden boards, black background",
    "id": "gRvIBB",
    "price": 11.73,
    "title": "Ground beef meat burger",
    "type": "meat"
  },
  "6JykLP": {
    "description": "Organic tomatoes made with love",
    "id": "6JykLP",
    "price": 26.03,
    "title": "Tomatoes",
    "type": "fruit"
  },
  "h3Y5J8": {
    "description": "Concept of vegan food with basil",
    "id": "h3Y5J8",
    "price": 15.19,
    "title": "Basil",
    "type": "vegetable"
  },
  "4nDZmg": {
    "description": "Abstract citrus fruits bouquet on blue background",
    "id": "4nDZmg",
    "price": 18.18,
    "title": "Fruits bouquet",
    "type": "fruit"
  },
  "ZYwf40": {
    "description": "Peaches on branch with leaves and glasses with peach juice and limonade with ice cubes in aluminum tray over old metal table. dark rustic style. top view.",
    "id": "ZYwf40",
    "price": 25.62,
    "title": "Peaches on branch",
    "type": "fruit"
  }
}
